Mutant ID,Operator,Description
RCM_permit-overrides,RCM,combining algorithm deny-overrides -> permit-overrides
RCM_first-applicable,RCM,combining algorithm deny-overrides -> first-applicable
CEM_R1_operator_read,CEM,R1_operator_read: effect PERMIT -> DENY
CPM_R1_operator_read_target0,CPM,R1_operator_read.target[0] op eq -> neq
CPM_R1_operator_read_target1,CPM,R1_operator_read.target[1] op eq -> neq
CPM_R1_operator_read_condition0,CPM,R1_operator_read.condition[0] op in -> not_in
TRM_R1_operator_read_t0,TRM,R1_operator_read: dropped target leaf #0
TRM_R1_operator_read_t1,TRM,R1_operator_read: dropped target leaf #1
MRD_R1_operator_read,MRD,deleted rule R1_operator_read
CEM_R2_engineer_readwrite,CEM,R2_engineer_readwrite: effect PERMIT -> DENY
CPM_R2_engineer_readwrite_target0,CPM,R2_engineer_readwrite.target[0] op eq -> neq
CPM_R2_engineer_readwrite_target1,CPM,R2_engineer_readwrite.target[1] op in -> not_in
CPM_R2_engineer_readwrite_condition0,CPM,R2_engineer_readwrite.condition[0] op in -> not_in
CPM_R2_engineer_readwrite_condition1,CPM,R2_engineer_readwrite.condition[1] op neq -> eq
TRM_R2_engineer_readwrite_t0,TRM,R2_engineer_readwrite: dropped target leaf #0
TRM_R2_engineer_readwrite_t1,TRM,R2_engineer_readwrite: dropped target leaf #1
LOM_R2_engineer_readwrite,LOM,R2_engineer_readwrite: condition AND -> OR
MRD_R2_engineer_readwrite,MRD,deleted rule R2_engineer_readwrite
CEM_R3_deny_override_when_normal,CEM,R3_deny_override_when_normal: effect DENY -> PERMIT
CPM_R3_deny_override_when_normal_target0,CPM,R3_deny_override_when_normal.target[0] op eq -> neq
CPM_R3_deny_override_when_normal_target1,CPM,R3_deny_override_when_normal.target[1] op eq -> neq
CPM_R3_deny_override_when_normal_condition0,CPM,R3_deny_override_when_normal.condition[0] op eq -> neq
TRM_R3_deny_override_when_normal_t0,TRM,R3_deny_override_when_normal: dropped target leaf #0
TRM_R3_deny_override_when_normal_t1,TRM,R3_deny_override_when_normal: dropped target leaf #1
MRD_R3_deny_override_when_normal,MRD,deleted rule R3_deny_override_when_normal
CEM_R4_permit_engineer_override,CEM,R4_permit_engineer_override: effect PERMIT -> DENY
CPM_R4_permit_engineer_override_target0,CPM,R4_permit_engineer_override.target[0] op eq -> neq
CPM_R4_permit_engineer_override_target1,CPM,R4_permit_engineer_override.target[1] op eq -> neq
CPM_R4_permit_engineer_override_target2,CPM,R4_permit_engineer_override.target[2] op eq -> neq
CPM_R4_permit_engineer_override_condition0,CPM,R4_permit_engineer_override.condition[0] op eq -> neq
CPM_R4_permit_engineer_override_condition1,CPM,R4_permit_engineer_override.condition[1] op gte -> lt
CPM_R4_permit_engineer_override_condition2,CPM,R4_permit_engineer_override.condition[2] op eq -> neq
CVM_R4_permit_engineer_override_condition1,CVM,R4_permit_engineer_override.condition[1] threshold 4 -> 5
TRM_R4_permit_engineer_override_t0,TRM,R4_permit_engineer_override: dropped target leaf #0
TRM_R4_permit_engineer_override_t1,TRM,R4_permit_engineer_override: dropped target leaf #1
TRM_R4_permit_engineer_override_t2,TRM,R4_permit_engineer_override: dropped target leaf #2
LOM_R4_permit_engineer_override,LOM,R4_permit_engineer_override: condition AND -> OR
MRD_R4_permit_engineer_override,MRD,deleted rule R4_permit_engineer_override
CEM_R5_deny_vendor_field,CEM,R5_deny_vendor_field: effect DENY -> PERMIT
CPM_R5_deny_vendor_field_target0,CPM,R5_deny_vendor_field.target[0] op eq -> neq
CPM_R5_deny_vendor_field_condition0,CPM,R5_deny_vendor_field.condition[0] op eq -> neq
MRD_R5_deny_vendor_field,MRD,deleted rule R5_deny_vendor_field
CEM_R6_permit_vendor_historian_read,CEM,R6_permit_vendor_historian_read: effect PERMIT -> DENY
CPM_R6_permit_vendor_historian_read_target0,CPM,R6_permit_vendor_historian_read.target[0] op eq -> neq
CPM_R6_permit_vendor_historian_read_target1,CPM,R6_permit_vendor_historian_read.target[1] op eq -> neq
CPM_R6_permit_vendor_historian_read_target2,CPM,R6_permit_vendor_historian_read.target[2] op eq -> neq
CPM_R6_permit_vendor_historian_read_condition0,CPM,R6_permit_vendor_historian_read.condition[0] op eq -> neq
TRM_R6_permit_vendor_historian_read_t0,TRM,R6_permit_vendor_historian_read: dropped target leaf #0
TRM_R6_permit_vendor_historian_read_t1,TRM,R6_permit_vendor_historian_read: dropped target leaf #1
TRM_R6_permit_vendor_historian_read_t2,TRM,R6_permit_vendor_historian_read: dropped target leaf #2
MRD_R6_permit_vendor_historian_read,MRD,deleted rule R6_permit_vendor_historian_read
